{
  "luis_schema_version": "1.2.0",
  "name": "Stock Model",
  "desc": "",
  "culture": "en-us",
  "intents": [
    {
      "Name": "RepeatLastStock",
      "Children": []
    },
    {
      "Name": "StockPrice",
      "Children": []
    },
    {
      "Name": "IsTheMarketUpOrDown",
      "Children": []
    },
    {
      "Name": "None",
      "Children": []
    }
  ],
  "entities": [
    {
      "Name": "TickerSymbol",
      "Children": []
    }
  ],
  "bing_entities": [],
  "actions": [],
  "model_features": [],
  "regex_features": [],
  "utterances": [
    {
      "text": "is the market up or down today?",
      "intent": "IsTheMarketUpOrDown",
      "entities": []
    },
    {
      "text": "how is the market doing today?",
      "intent": "IsTheMarketUpOrDown",
      "entities": []
    },
    {
      "text": "how's the market today?",
      "intent": "IsTheMarketUpOrDown",
      "entities": []
    },
    {
      "text": "tell me the price of tsla",
      "intent": "StockPrice",
      "entities": [
        {
          "entity": "TickerSymbol",
          "startPos": 5,
          "endPos": 5
        }
      ]
    },
    {
      "text": "what's the price of tsla?",
      "intent": "StockPrice",
      "entities": [
        {
          "entity": "TickerSymbol",
          "startPos": 6,
          "endPos": 6
        }
      ]
    },
    {
      "text": "what's the market doing?",
      "intent": "IsTheMarketUpOrDown",
      "entities": []
    },
    {
      "text": "what's going on in the market?",
      "intent": "IsTheMarketUpOrDown",
      "entities": []
    },
    {
      "text": "show me the price for msft",
      "intent": "StockPrice",
      "entities": [
        {
          "entity": "TickerSymbol",
          "startPos": 5,
          "endPos": 5
        }
      ]
    },
    {
      "text": "what is aapl at today",
      "intent": "StockPrice",
      "entities": [
        {
          "entity": "TickerSymbol",
          "startPos": 2,
          "endPos": 2
        }
      ]
    },
    {
      "text": "show me yhoo",
      "intent": "None",
      "entities": [
        {
          "entity": "TickerSymbol",
          "startPos": 2,
          "endPos": 2
        }
      ]
    },
    {
      "text": "how about now",
      "intent": "RepeatLastStock",
      "entities": []
    },
    {
      "text": "and now?",
      "intent": "RepeatLastStock",
      "entities": []
    },
    {
      "text": "repeat last stock",
      "intent": "RepeatLastStock",
      "entities": []
    }
  ]
}